Label,# Samples,Average,Min,Max,Std. Dev.,Error %,Throughput,Received KB/sec,Sent KB/sec,Avg. Bytes
HTTP Request,147166,6,0,2090,75.97,0.009%,4673.42013,1260.57,451.78,276.2
HTTP Request 404,147133,6,0,2090,79.11,0.009%,4682.33460,1075.52,452.65,235.2
TOTAL,294299,6,0,2090,77.56,0.009%,9345.79232,2333.80,903.47,255.7
