Label,# Samples,Average,Min,Max,Std. Dev.,Error %,Throughput,Received KB/sec,Sent KB/sec,Avg. Bytes
HTTP Request,153676,6,0,2089,67.78,0.008%,4794.13508,1293.02,463.46,276.2
HTTP Request 404,153637,6,0,2089,71.93,0.008%,4795.01264,1101.28,463.54,235.2
TOTAL,307313,6,0,2089,69.89,0.008%,9587.05350,2393.82,926.80,255.7
